<?xml version="1.0" encoding="utf-8"?>
<odoo>
    <record model="ir.module.category" id="module_product_hide_price">
        <field name="name">Product</field>
        <field name="sequence">103</field>
    </record>

    <record id="group_product_cost_price" model="res.groups">
        <field name="name">Show Product Cost Price</field>
        <field name="category_id" ref="module_product_hide_price"/>
    </record>

    <record id="group_product_sale_price" model="res.groups">
        <field name="name">Show Product Sale Price</field>
        <field name="category_id" ref="module_product_hide_price"/>
    </record>
</odoo>
